40787,-0.014770198,-0.01005401
40788,-0.015766525,-0.018355943
40792,-0.01130396,0.015043463
40793,0.019026006,0.010999194
40794,0.00842594,0.000546797
40795,-0.018476276,-0.017462074
40798,0.005810592,0.006468926
40799,0.005777024,0.012267846
40800,0.017510916,0.01193936
40801,0.018321694,0.00948553
40802,0.004805036,0.018880137
40805,0.00331309,0.027413147
40806,-0.008488702,0.004412021
40807,-0.037384002,-0.003052402
40808,-0.036438899,-0.025457171
40809,0,0.006252191
40812,0.015049789,-0.002773927
40813,0.009000256,-0.009769792
40814,-0.003512199,-0.005625894
40815,-0.005095053,-0.016353013
40816,-0.022249627,-0.024123778
40819,-0.014569258,-0.017781539
40820,0.032487317,-0.005622204
40821,0.021472619,0.015478164
40822,0.017231903,-0.002408524
40823,-0.003422707,-0.020236778
40826,0.025946182,0.050024271
40827,0.002224695,0.029100705
40828,-0.00148258,0.004884867
40829,0.008127123,0.015370305
40830,0.003305788,0.032706894
40833,-0.010691346,-0.00482169
40834,0.012157085,0.005319161
40835,-0.006612809,-0.057490034
40836,-0.003322875,-0.008464166
40837,0.004428052,-0.006217268
40840,0.001103956,0.03243338
40841,-0.014074306,-0.020037259
40842,-0.008239747,0.00718986
40843,0.024518316,0.010083535
40844,-0.00995767,0.000691683
40847,-0.013057451,-0.000345781
40848,-0.024326551,-0.020792223
40849,0.000769231,0.002292568
40850,0.019795089,0.014167268
40851,-0.010610179,-0.006971098
40854,0.020735898,-0.00140007
40855,0.013343415,0.016156002
40856,-0.035985892,-0.027250595
40857,0.003048783,-0.025831033
40858,0.023689771,-0.00145481
40861,-0.005589729,-0.014111844
40862,-0.000747664,0.024971679
40863,-0.025375344,-0.010495934
40864,-0.020539377,-0.019286115
40865,-0.009441455,-0.006698946
40868,-0.011928571,-0.015807631
40869,-0.008435479,0.020092686
40870,-0.012992469,-0.02560863
40872,-0.006971527,-0.00938974
40875,0.023185907,0.033882299
40876,-0.001207001,-0.007847574
40877,0.029355539,0.023909952
40878,-0.011797227,0.014906657
40879,-0.002376239,0.004500863
40882,0.018853661,0.008407169
40883,-0.001557633,-0.005179045
40884,-0.002341008,-0.004846101
40885,-0.007843177,0.00412964
40886,0.011741818,0.007497358
40889,-0.00742046,-0.004455938
40890,0.009752369,-0.007891002
40891,-0.006621251,-0.02239511
40892,-0.001173021,-0.003319811
40893,0.017067909,0.005526912
40896,-0.018242307,0.00311841
40897,0.019011242,0.035268139
40898,-0.010042572,0.001413428
40899,0.001939112,0.005282632
40900,0.008487705,0.011871648
40904,0.000384098,0.007951641
40905,-0.008484432,-0.009688657
40906,0.007716088,0.006066402
40907,-0.002308581,-0.000172816
40911,0.030351343,0.015264853
40912,0.023634778,0.005262723
40913,0.010167117,0.011113096
40914,0.015059446,0.010328261
40917,-0.012894161,-0.001492661
40918,0.003598421,0.003479417
40919,-0.004319661,-0.001655355
40920,0.010050336,-0.002654282
40921,0.008888947,-0.003827915
40925,0.00035392,0.011604905
40926,-0.001062135,0.010330501
40927,-0.003904175,-0.003104324
40928,0.055002623,-0.017664512
40931,0.000672948,0.016845981
40932,-0.013204864,-0.016512925
40933,0.007470323,0.060565855
40934,-0.002031833,-0.004555101
40935,-0.009194684,0.005964544
40938,0.012916563,0.012750911
40939,-0.002705446,0.007542559
40940,0.012117281,-0.000613591
40941,0.002005348,-0.002304325
40942,0.009636227,0.009947285
40945,-0.001323627,0.009245992
40946,0.004954593,0.010505875
40947,0.010162356,0.016583146
40948,0.003581316,0.033926025
40949,-0.008813506,0.000567617
40952,0.002619517,0.01841362
40953,-0.010850016,0.013556716
40954,-0.006633523,-0.023353855
40955,0.040116255,0.008961135
40956,-0.000959539,-0.000139402
40960,0.006061591,0.025056377
40961,-0.005421796,-0.003541273
40962,0.003192851,0.006527971
40963,0.003500401,0.011590426
40966,-0.004138156,0.006411135
40967,0.016450861,0.018206308
40968,-0.004087413,0.012988882
40969,0.01717987,0.003735433
40970,-0.006524802,0.001284852
40973,-0.008766493,-0.022201496
40974,-0.007575794,-0.00552924
40975,0.008832865,0.000791766
40976,0.005324993,0.021144092
40977,-0.000625,0.005794878
40980,0.001561768,0.012504948
40981,0.019472103,0.028748387
40982,0.003056237,0.037128637
40983,0.002438282,-0.006909725
40984,-0.007639457,0
40987,-0.012345836,0.026193097
40988,-0.006543099,0.008118811
40989,-0.002503914,-0.005792417
40990,0.002816463,-0.005242018
40991,0.000312451,-0.005504494
40994,0.017957139,0.01815481
40995,-0.002150208,0.012264467
40996,-0.010199439,0.005113357
40997,-0.002176956,-0.012660563
40998,0.004349184,-0.017017254
41001,0.000929512,0.031376475
41002,-0.010898442,0.017052242
41003,-0.023120587,-0.007929016
41004,0.009883709,0.014912362
41008,-0.013414446,0.003968697
41009,-0.020465226,-0.012287751
41010,-0.004275619,-0.003570635
41011,0.020874861,-0.005492364
41012,-0.005502522,-0.028617355
41015,0.008725213,-0.042288101
41016,0.011516442,0.049663105
41017,-0.009587801,-0.002183783
41018,-0.004183433,-0.035009136
41019,0.044465783,-0.02497566
41022,-0.009296627,-0.002201566
41023,-0.006246116,-0.020160228
41024,0.00873368,0.084989511
41025,-0.002798944,-0.003794198
41026,-0.004056801,-0.007747943
41029,0.00125,-0.031965923
41030,-0.000312354,-0.003241494
41031,-0.006582064,0.006591982
41032,-0.001258653,-0.007073098
41033,-0.024865801,-0.028927385
41036,-0.010709173,0.007402872
41037,-0.004905979,-0.002215113
41038,0.008488461,0.001723289
41039,-0.000650407,0.00233401
41040,0.013570483,-0.006647815
41043,-0.015524245,-0.015058464
41044,-0.015437981,-0.009195757
41045,-0.010314515,-0.012863961
41046,-0.006038261,-0.02966264
41047,-0.015257119,0.000528053
41050,0.016266031,0.056571671
41051,0.000336078,-0.00763697
41052,-0.022083452,0.024088575
41053,-0.001375043,-0.009243919
41054,-0.000344056,-0.005338643
41058,0.017059438,0.01752266
41059,-0.007470323,0.012037351
41060,-0.005125588,-0.002541297
41061,-0.025678024,-0.029386758
41064,0.003508776,0.005847606
41065,-0.001752849,-0.002608535
41066,0.029388459,0.015305162
41067,-0.004096967,0.000367399
41068,0.014266546,0.014948325
41071,-0.02562053,-0.0158058
41072,0.013404566,0.008663345
41073,-0.00547759,-0.006949129
41074,0.007183202,-0.001101659
41075,0.022912053,0.004521301
41078,-0.006014051,0.02003688
41079,0.028412879,0.002863964
41080,0.007463932,-0.002863964
41081,-0.025873393,-0.013959312
41082,0.018409461,0.007725775
41085,-0.027742862,-0.019672766
41086,0.005344034,0.002205073
41087,0.004984227,0.004273772
41088,-0.008655181,-0.009549534
41089,0.022480286,0.025984949
41092,-0.000981194,0.014517152
41093,0.00652318,0.01151058
41095,-0.00195249,0.017365567
41096,-0.017083201,-0.006678975
41099,-0.005982072,0.013199618
41100,-0.008704441,-0.009278949
41101,-0.014905425,-0.006234146
41102,-0.023132397,-0.00919092
41103,0.026199361,0.010001246
41106,0.001699813,0.003234753
41107,0.007445043,0.000115334
41108,0.026286657,-0.001153935
41109,0.006872879,0.013190534
41110,-0.017769471,-0.016428654
41113,-0.028284714,-0.000811171
41114,-0.004449776,-0.004764404
41115,-0.011038401,-0.044176479
41116,0.011381395,-0.000121751
41117,0.020367303,0.017620538
41120,-0.00404041,0.016727361
41121,-0.005752004,0.026126305
41122,-0.002038044,-0.006439024
41123,-0.007508568,0.001613647
41124,0.019002947,0.012929982
41127,0.006700193,0.011079819
41128,0.010297384,-0.002702096
41129,0.002310613,-0.001692525
41130,0.005589362,0.001467021
41131,-0.002626397,0.001464872
41134,-0.00098668,0.013310414
41135,-0.008592254,0.002663117
41136,0.002320571,-0.001330672
41137,0.019023204,0.008727891
41138,0.003891055,0.018311138
41141,-0.005191446,0.025906251
41142,0.001949952,-0.013775782
41143,-0.00847739,0.019338057
41144,-0.009210591,-0.009358146
41145,0.009865256,0.000950319
41148,0.004244904,0.018611997
41149,-0.001956948,-0.001347639
41150,0.000652742,-0.001972899
41151,-0.010825102,-0.014342041
41152,0.016356269,0.00200137
41156,-0.014379333,0.014521018
41157,0.00032911,-0.006973021
41158,0.03078163,0.008941627
41159,-0.012522238,0.006191331
41162,-0.007459091,-0.026370802
41163,0.002276054,-0.003279559
41164,-0.000324834,0.013786064
41165,0.005184717,0.019560779
41166,0.008688711,0.012021335
41169,0,0.012278737
41170,-0.000961693,0.002996407
41171,-0.004178055,0.000299147
41172,0.012800175,-0.004897316
41173,-0.008301453,0.002001802
41176,-0.013232402,-0.013387889
41177,-0.012751521,-0.025245055
41178,-0.007597064,-0.012444605
41179,0,0.023914635
41180,-0.013351333,-0.021077456
41183,-0.009113987,-0.011609629
41184,0.005748114,0.002862142
41185,0.006720455,0.015232187
41186,0.00567709,-0.006904515
41187,-0.006012042,-0.021540437
41190,-0.002347813,-0.022343663
41191,-0.016932338,-0.003626178
41192,-0.010298752,0.007894778
41193,-0.001035733,-0.020523726
41194,0.008598505,0.002894358
41197,0.01056048,0.007971699
41198,-0.000677966,0.023433038
41199,0.003385244,-0.008003504
41200,-0.003046203,-0.018743356
41201,-0.029585921,-0.036736525
41204,-0.022599832,0.03894696
41205,0.001784122,-0.033224156
41206,-0.005361943,0.00569024
41207,-0.000717103,-0.011872286
41208,0.011766939,-0.00911352
41213,0.011630087,-0.014474398
41214,0.033761388,0.001996829
41215,-0.000677736,-0.033650711
41218,0.004397098,0.013500687
41219,0.007732431,-0.003117882
41220,-0.026469139,-0.043573193
41221,-0.009328104,-0.036930026
41222,0.000693963,0.017165034
41225,-0.021385565,-0.007707167
41226,-0.04086629,0.000128941
41227,-0.009271344,-0.011150122
41228,-0.006728997,-0.021214314
41229,-0.005265149,0.003854594
41232,0.007887365,0.069682472
41233,-0.000748503,-0.008574144
41234,0.00894527,0.001371828
41236,0.027449116,0.017297194
41239,-0.011619593,0.031113085
41240,-0.011017372,-0.008106864
41241,0.010286645,-0.003117135
41242,-0.015098795,0.010867725
41243,-0.012320484,-0.006913019
41246,-0.007163084,0.00155363
41247,-0.002272728,-0.017831798
41248,0.011312338,-0.066469227
41249,0.00187301,0.015598125
41250,-0.00977819,-0.025914899
41253,0.017978012,-0.00645291
41254,0.014006864,0.021565235
41255,-0.002932553,-0.004405864
41256,-0.004783818,-0.017423641
41257,-0.011127711,-0.038253822
41260,0.010758776,0.017557443
41261,0.016831718,0.028594275
41262,-0.009112511,-0.014261433
41263,0.013457195,-0.008816514
41264,-0.008343963,-0.004572359
41267,-0.014309545,0.001616162
41269,-0.007418432,-0.013821358
41270,0.003716095,0.003949076
41271,-0.015324538,-0.010657294
41274,0.006008279,0.043280508
41276,0.033502121,0.031210044
41277,-0.013486627,-0.012703064
41278,-0.018892949,-0.028156119
41281,-0.001871608,-0.006529439
41282,-0.005259216,0.00320342
41283,0.005633818,-0.015714513
41284,-0.009029407,0.012377395
41285,0.013886506,-0.006169547
41288,0.002233806,-0.03630287
41289,0.011830083,-0.032036758
41290,-0.006267302,0.040649119
41291,0.00773627,-0.006800387
41292,0,-0.005305793
41296,-0.003676475,0.009474782
41297,0.01680098,0.018139841
41298,0.000724113,-0.131840249
41299,0.009007447,-0.023900509
41302,0.001075462,0.02234554
41303,0.003576542,0.018654669
41304,-0.005728623,-0.003212731
41305,-0.014466798,-0.002915678
41306,0.017335212,-0.00415801
41309,-0.017699577,-0.025159543
41310,0.002184202,0.034529091
41311,-0.005835173,-0.001070746
41312,-0.002196998,0.023445073
41313,0.009848703,0.014249907
41316,0.011189433,0.010409888
41317,0.000717618,-0.025407571
41318,0.005365779,-0.001796946
41319,0.000356697,-0.000899685
41320,-0.001070473,-0.013897505
41324,0.001070473,-0.000456447
41325,-0.006081221,-0.024494793
41326,-0.013728539,-0.006257843
41327,0.009773833,0.010615148
41330,-0.014148613,-0.017860415
41331,0,0.013814976
41332,0.015948145,-0.00987082
41333,-0.000359648,-0.00711072
41334,0.005381179,-0.025049479
41337,0.007130155,-0.02452596
41338,0.007079676,0.025988305
41339,-0.009213389,-0.012745271
41340,0.001778411,0.011445514
41341,-0.004987542,0.002597826
41344,-0.004653669,0.014168648
41345,0.001434206,-0.021819047
41346,0.00035823,-0.000163412
41347,0.007848774,0.009757762
41348,-0.00355999,0.025406815
41351,0.002137514,0.026776195
41352,0.00284293,-0.002614783
41353,0.004955762,-0.005405001
41354,-0.007442884,0.001547269
41355,0.004968073,0.020051181
41358,-0.003190926,0.003630317
41359,0,-0.005298627
41360,0.007429718,-0.01993014
41361,0.008074469,-0.020967753
41365,0.000349589,-0.031646686
41366,0.00661908,0.002119508
41367,-0.00836825,0.005036157
41368,0.00139958,-0.009934126
41369,0.003490405,-0.010529877
41372,-0.003840116,0.007086968
41373,0.035055136,0.001804907
41374,0.022375286,0.020124016
41375,-0.045262707,-0.003057368
41376,-0.005196617,-0.010530676
41379,-0.003479475,-0.023398662
41380,0.009712182,0.015057784
41381,-0.005191221,-0.056588599
41382,-0.001041486,-0.026950112
41383,0.033137105,-0.003935604
41386,0.035323032,0.020579048
41387,-0.007488233,0.018614089
41388,0.037207627,-0.001725031
41389,0.005651506,0.007225216
41390,-0.004707368,0.02136761
41393,0.025467215,0.030568262
41394,0.014914293,0.028871292
41395,-0.011546771,-0.0077772
41396,0.013357819,0.014081397
41397,0.009902557,0.009849216
41400,0.007733531,0.023675203
41401,-0.013122765,-0.004568304
41402,-0.009653167,0.011230957
41403,-0.010053398,-0.015360351
41404,0.000918133,-0.008310297
41407,0.010347019,0.003855947
41408,0.015024321,-0.024150118
41409,0.009202974,-0.034494476
41410,0.007067167,0.013296774
41411,0.022916159,-0.00306526
41414,0.006004307,0.022210708
41415,-0.00657803,-0.007455027
41416,-0.00691048,0.003813766
41417,-0.013380072,0.001743127
41418,0.00350775,0.006785036
41422,0.021648991,-0.008369571
41423,-0.004005728,0.007897688
41424,0.004291238,0.014835909
41425,-0.003718008,-0.004038527
41428,0.01957787,0.002176618
41429,-0.017002393,-0.003110906
41430,-0.006019797,-0.00939121
41431,0.005162042,-0.015052174
41432,0.020105449,0.007633625
41435,-0.005622731,-0.006676229
41436,-0.017921117,-0.003034904
41437,0.00458191,-0.012394525
41438,-0.008032172,0.008708328
41439,-0.009259325,-0.013579258
41442,0.017291497,0.004384903
41443,-0.000571592,-0.000486263
41444,-0.011211847,-0.020474059
41445,-0.032317736,-0.014669375
41446,-0.006891413,-0.008093114
41449,0.013735659,-0.026764336
41450,-0.0014839,0.000173868
41451,0.019994785,-0.011364752
41452,0.007829531,-0.01096192
41453,-0.002313477,0.007085946
41456,-0.005224976,0.031450772
41457,-0.012298837,0.022328397
41458,0.002060339,0.00550506
41460,0.0058634,-0.008017414
41463,0.003210276,-0.005718145
41464,0.000873744,0.017554576
41465,0.010137668,-0.003985392
41466,0.027850621,0.015519545
41467,-0.000280308,-0.001803723
41470,0.013920047,0.002131323
41471,0.002760907,0.006529569
41472,-0.014720444,0.000162694
41473,-0.008429384,0.003410478
41474,-0.121033233,-0.0158513
41477,0.019240461,0.003124746
41478,-0.005953331,-0.017224672
41479,0.004390098,0.050014495
41480,-0.01799575,-0.004618946
41481,0.007300461,0.005730675
41484,-0.00253325,0.015279497
41485,0.0097808,0.012273905
41486,-0.000314021,-0.001700024
41487,-0.0053535,0.009084673
41488,0.00692262,0.012793351
41491,-0.0059758,0.014721612
41492,-0.003792672,-0.008987478
41493,0.015085138,-0.000451501
41494,0.025559513,-0.008617485
41495,-0.005793582,-0.014375534
41498,0.00518531,0.028098135
41499,-0.019662692,0.046383854
41500,0.003716325,0.017995526
41501,-0.017462246,-0.001124069
41502,0.000314515,0.008818029
41505,-0.012976919,0.010673052
41506,0.007300461,-0.013184564
41507,-0.000316306,0.002650856
41508,0.024376207,0.001114051
41509,0.070329839,-0.003904621
41512,-0.017416986,0.003904621
41513,-0.026407112,-0.028946603
41514,-0.007242035,0.004716653
41515,0.015923425,0.001567287
41516,-0.004480963,-0.009153382
41520,-0.046577046,0.002869442
41521,-0.021560759,0.020420449
41522,0.00128123,-0.006901922
41523,-0.00288508,0.005918845
41526,0.016239809,0.015891051
41527,0.022795679,-0.02308279
41528,0.010747839,-0.055877205
41529,-0.001528351,0.010569507
41530,0.010347019,-0.016724296
41533,-0.006987724,-0.032288016
41534,0.003955581,0.011596574
41535,0.011773721,0.020239601
41536,0.009558018,0.016287248
41537,-0.025592244,-0.010429177
41540,-0.001526019,0.048526253
41541,-0.00858901,-0.003143758
41542,0.001231527,-0.015577987
41543,0.008273373,0.009692662
41544,0.015142627,-0.007224421
41547,0.000300526,-0.012402581
41548,0.008974036,0.023219734
41549,0.010074159,0.003293952
41550,-0.001770434,-0.01266204
41551,0.000590493,-0.000869187
41554,-0.017267473,0.009806828
41555,-0.008746851,-0.014018584
41556,0.001815981,0.011575878
41557,0.020650143,0.006310074
41558,0.010900093,0.006412562
41561,0.009332235,0.006512836
41562,0.001160429,0.005348359
41563,0.004339657,0.004900941
41564,0.008050647,0.00668247
41565,0.00114482,0.008703516
41568,0.000857756,0.024189248
41569,-0.011786826,-0.002823531
41570,-0.023998811,0.00964767
41571,-0.001185537,0.013246981
41572,0.057899539,-0.011248713
41575,-0.004488086,0.00742512
41576,-0.001406668,-0.025283937
41577,0.000562905,0.015727188
41578,-0.003947003,-0.004143006
41579,0.003384098,-0.005102052
41582,0.011754963,0.01283955
41583,0.019289658,-0.00252811
41584,0.041171278,-0.008563071
41585,-0.017970885,-0.016392699
41586,0.007438929,0.015720611
41589,-0.005041804,-0.002962566
41590,-0.006137444,0.001886285
41591,0.021187233,0.001210735
41592,-0.00367551,0.014283097
41593,-0.004745593,-0.005982072
41596,-0.017057983,-0.012207543
41597,-0.012442681,0.001753085
41598,0.009211661,-0.008796322
41599,0.008592964,0.011890425
41600,0.004535155,-0.00255531
41603,0.001861455,0.00751278
41604,-0.007734403,0.018276234
41605,0.006671139,0.023219151
41607,0.013997323,0.018421406
41610,0.008357322,-0.008723742
41611,-0.003647737,0.026935546
41612,0.016311041,-0.002351341
41613,-0.02443584,0.005190323
41614,0.00942909,-0.014026172
41617,0.00882435,0.011434378
41618,-0.015362885,-0.001607817
41619,-0.013206742,-0.007454377
41620,-0.010423721,-0.001372684
41621,-0.014342013,-0.011049836
41624,0.00516516,0.00554018
41625,-0.009809343,-0.004530589
41626,0.001641587,-0.007596897
41627,-0.009062262,-0.011504665
41628,0.015058464,0.008322178
41631,-0.004903306,0.037660046
41632,0.012483201,-0.004183592
41634,0.009661911,-0.006680713
41635,-0.004014457,-0.006850622
41638,0,-0.009922835
41639,0.003212854,0.011671087
41641,-0.006705134,-0.014198894
41642,-0.006750397,-0.022265795
41645,-0.021358972,0.005420067
41646,0.007719917,-0.007103679
41647,-0.018013512,0.006331179
41648,-0.00645254,-0.012833153
41649,0.014252023,-0.0068072
41652,-0.029852963,0.005240416
41653,0.022612608,0.019794941
41654,0.027021219,0.019787556
41655,0.003530214,-0.005541576
41656,-0.013921339,-0.024806284
41660,-0.005789127,0.015416544
41661,-0.006657445,0.004452084
41662,0.003611617,0.008341808
41663,0.020313627,-0.018290869
41666,-0.02114592,0.008043452
41667,0.006639029,-0.083226815
41668,0.010695289,-0.011396927
41669,0.00544071,-0.001958864
41670,0.026239792,0.001539431
41673,-0.036602579,0.001955854
41674,-0.003569961,0.014273089
41675,-0.014687807,0.00753893
41676,0.010000083,-0.000136565
41677,0.010448267,0.013834481
41680,0.006543099,0.017756291
41681,0.010273137,0.013145976
41682,0.007769631,-0.000130608
41683,0.00372936,0.015809582
41684,0.000265851,-0.00090038
41688,-0.005330503,0.003724877
41689,0.002402243,-0.015894888
41690,0.006377912,-0.011660794
41691,0.00607423,-0.01113184
41694,-0.007664898,0.004255326
41695,-0.003987776,-0.010404256
41696,-0.001866418,-0.009024238
41697,0.010354533,0.019693851
41698,0.011815813,-0.00265675
41701,-0.013931097,0.002789402
41702,0.01653798,0.006610283
41703,-0.007841127,0.002106095
41704,0.001049043,-0.003028909
41705,-0.006574646,-0.000527704
41708,-0.002113049,0.0009233
41709,0.005274274,0.00957824
41710,0.006553962,0.001044114
41711,-0.009979074,-0.01114985
41712,-0.005027131,-0.011275572
41715,0.00924099,0.003861266
41716,0.03866461,0.008732524
41717,-0.007104826,-0.000263505
41718,0.02663474,-0.004754995
41719,-0.004224134,0.007781114
41722,0.008430499,0.011883914
41723,-0.003958442,0.010717386
41724,-0.013727908,-0.009679368
41725,-0.010865552,-0.004288784
41726,0.023601397,-0.001172868
41729,0.016976666,-0.000130404
41730,0.010435721,0.009087431
41731,-0.001691434,0.001678611
41732,-0.008256482,-0.006991225
41733,-0.028191778,-0.01307721
41736,-0.001757249,-0.015788056
41737,0.000502386,0
41738,0.01619166,0.013019979
41739,-0.027810887,-0.013019979
41740,-0.003818256,-0.007382088
41743,-0.000765404,0.004033348
41744,0.014443429,-0.00727178
41745,0.016219944,0.002025249
41746,-0.009700362,0.011399574
41750,-0.001751095,0.011798374
41751,0.001251095,0.001053741
41752,-0.007530156,-0.013252248
41753,0.004274048,0.07885162
41754,0.001253604,0.007370135
41757,0.023769379,0.037944281
41758,-0.00884744,-0.002950029
41759,-0.002719072,-0.00378878
41760,-0.009950331,0.002369669
41761,-0.007780187,0.001773574
41764,-0.006572319,0.014076479
41765,-0.009428022,-0.010891951
41766,0.009174376,-0.003538992
41767,0.005565408,-0.007353846
41768,-0.002525892,-0.004175371
41771,0.010816355,0.012356104
41772,0.011195539,0.001533833
41773,-0.004463186,0.000235766
41774,-0.016032408,-0.008522779
41775,0.005791279,0.014633256
41778,-0.002010556,0.011762786
41779,-0.001762559,0.000231535
41780,0.016744112,0.002658807
41781,-0.00621506,0.001499683
41782,0.000498629,0.011233497
41786,0.001743245,0.018633027
41787,-0.004488786,-0.002688776
41788,0.00821411,0.018120667
41789,0.014764048,-0.003752764
41792,-0.003670627,-0.006879743
41793,-0.012333654,0.014041914
41794,0.000744325,0.011353834
41795,0.021833322,0.00390033
41796,0.006530438,-0.002815378
41799,-0.00507554,0.015921162
41800,-0.003884443,0.005852637
41801,-0.006099812,-0.004146516
41802,-0.006876255,-0.016868517
41803,0.015890812,-0.011004088
41806,0.006527281,0.010028425
41807,0.00432797,-0.001302366
41808,-0.000720029,0.001085423
41809,-0.003367007,-0.003477508
41810,0.004087035,-0.010395673
41813,0.007410097,-0.000880379
41814,-0.005971593,-0.006073676
41815,0.006923747,0.00088574
41816,-0.007403019,0.00595831
41817,0.012623724,0.011811161
41820,-0.013103225,0.010275359
41821,0.004068451,0.006328796
41822,0.000716247,-0.000427807
41823,-0.002389487,0.005866371
41827,0.004535155,0.020421762
41828,-0.005013739,-0.006481311
41829,-0.002636311,0.000419419
41830,0.000239952,-0.003675896
41831,0.009788785,0.001892148
41834,0.001187226,0.012834736
41835,0.007329504,-0.011785087
41836,0.037679252,-0.005681236
41837,0.010156954,-0.017991649
41838,0.003586644,0.014292052
41841,0.003350835,-0.005202539
41842,-0.00022304,0.008268891
41843,0.000891862,0.025742654
41844,-0.010529951,-0.001647616
41845,0.00224972,0.00657424
41848,-0.011981606,0.0137274
41849,-0.002048948,-0.006484319
41850,-0.006860306,-0.002340611
41851,-0.009684189,-0.026324101
41852,-0.00697515,0.005528622
41855,0.011828968,-0.00563323
41856,-0.006709106,-0.00492896
41857,-0.007923602,-0.001683502
41858,0.011399449,-0.005067578
41859,-0.000694203,0.002748126
41862,0,0.013107722
41863,0.007380107,-0.000208377
41864,0.012785562,0.013146507
41865,0.004301082,0.002670229
41866,0.011677653,0.004910998
41869,0.007119051,0.011971331
41870,0.004865114,0.013721483
41871,-0.008418304,0.000397812
41872,0.005988706,9.94283E-05
41873,-0.001549187,0.007330394
41876,0.00044287,0.002168984
41877,-0.00377066,-0.006421995
41878,-0.00289307,0.012215697
41879,0.000222841,0.001174283
41880,0.012180419,0.002442004
41884,-0.007512187,0.007774578
41885,-0.002887287,-0.04312377
41886,0.006650435,-0.008322386
41887,0.014259318,0.008625555
41890,0.012123985,-0.006182557
41891,0.006221194,-0.003768785
41892,0.001709402,0.030255084
41893,0.003410063,0.004248389
41894,-0.006403437,0.002265007
41897,-0.00989894,-0.000295145
41898,0.011182912,-0.007605351
41899,-0.005145809,0.007113249
41900,0.00343348,0.002065202
41901,0.017834868,-0.008187469
41904,-0.009727292,0.000990001
41905,-0.01068158,0.01551332
41906,0.011106479,-0.008708896
41907,-0.022337699,-0.038878757
41908,0.008004369,0.029002133
41911,0.000646204,-0.006372619
41912,-0.001724138,0.006372619
41913,-0.009971901,-0.01570582
41914,-0.00305477,0.007233305
41915,0.00718566,-0.002806738
41918,0,0
41919,-0.012224557,-0.008771544
41920,0.027084312,0.020546952
41921,-0.020080562,0.002180161
41922,-0.040503979,-0.002874847
41925,-0.008667937,-0.009175291
41926,0.001831083,-0.010676975
41927,-0.011731014,-0.012328853
41928,-0.011168101,-0.013209686
41929,0.020609737,0.014541586
41932,0.010261178,0.021172852
41933,0.017986096,0.026802771
41934,-0.011203344,0.005061823
41935,0.014317918,0.017708094
41936,0.024356662,0.003713406
41939,-0.004780539,-0.001045975
41940,0.012554277,0.01538855
41941,0.002792398,0.005605396
41942,-0.012301871,-0.003359466
41943,0.019355443,0.009489326
41946,0.010382549,0.012879663
41947,0.002736556,-0.007339482
41948,0.006077772,0.002391246
41949,0.017398948,-0.001470859
41950,-0.000410762,0.002847827
41953,0.004304608,-0.001652589
41954,-0.000409165,0.007962336
41955,-0.001843318,0.014030554
41956,0.016872034,0.014013707
41957,-0.0006049,0.011982522
41960,-0.002423265,-0.001665425
41961,-0.014664214,0.012900031
41962,-0.010726175,-0.006952318
41963,0.009905157,0.014200602
41964,-0.014894773,0.001374689
41967,-0.008161602,0.018291377
41968,-0.002524723,-0.008636071
41969,0.005881134,0.011834458
41971,0.001255756,-0.000588408
41974,0.016800146,-0.032994446
41975,-0.003296253,-0.003831089
41976,-0.007872425,0.011277011
41977,0.015683359,-0.003802615
41978,-0.008636698,-0.004251818
41981,-0.014981554,-0.022868191
41982,-0.002308743,0.015186589
41983,-0.01460498,-0.019198183
41984,0.005740422,-0.002952098
41985,-0.004674892,-0.017077442
41988,-0.005981646,-0.013856611
41989,-0.032889821,-0.013770221
41990,0.012761449,0.024706323
41991,0.038177486,0.029183373
41992,0.002941797,-0.007753013
41995,0.006691786,0.01032405
41996,0.009748081,-0.00354799
41997,-0.006418906,-0.004720561
41999,-0.005415552,0.017522572
42002,-0.009021356,-0.000702062
42003,-0.009103482,-0.012277679
42004,-0.012196578,-0.019202026
42006,0.006651671,-0.009558127
42009,-0.009454303,-0.028576024
42010,-0.014570226,9.41132E-05
42011,0.012625331,0.013924808
42012,0.028993717,0.037702517
42013,-0.008440649,0.001071907
42016,-0.012581465,-0.024949319
42017,-0.005163523,0.008839534
42018,-0.008665565,-0.003817839
42019,-0.010498784,-0.027515354
42020,0.016572555,-0.007800425
42024,0.003238694,0.02543102
42025,-0.010183167,0.007605296
42026,0.026008989,0.025682871
42027,0.001060333,0.005146874
42030,-0.003609729,0.001061571
42031,-0.097098632,-0.035640921
42032,-0.035066205,0.054992692
42033,0.019712177,0.03065865
42034,-0.0390779,-0.014742282
42037,0.021548336,0.012468884
42038,0.007722046,0.000168577
42039,0.005752652,0.007640355
42040,0.014474093,0.00317328
42041,-0.000942729,-0.008456533
42044,-0.001179663,0.006620598
42045,0.005649733,0.019029283
42046,-0.0051777,0.02316831
42047,0.016614399,0.012572776
42048,0.017939764,0.004890757
42052,-0.006632386,0.005884447
42053,-0.001147974,0.006938247
42054,-0.000689417,-0.002099779
42055,0.008241805,0.008141158
42058,0.006590184,0.026668247
42059,-0.001359928,-0.006260155
42060,-0.002270664,-0.025905802
42061,0.001590006,0.012576841
42062,-0.004777623,-0.01514244
42065,0.000683917,0.004892264
42066,-0.013768001,0.00208938
42067,-0.005096143,-0.006359075
42068,0.001160497,-0.016709547
42069,-0.017550468,0.001501917
42072,0.011501124,0.004256332
42073,-0.019321996,-0.020902808
42074,-0.001190335,-0.018399709
42075,-0.023133562,0.017917703
42076,0.00873792,-0.006934393
42079,0.004340494,0.010944022
42080,0.003362963,0.01658834
42081,0.019002947,0.011193417
42082,-0.005189915,-0.007579049
42083,0.014091356,-0.012628424
42086,-0.000466527,0.010351323
42087,0.000932836,-0.004096107
42088,-0.034142719,-0.026474134
42089,-0.006048162,0.006946155
42090,-0.005840854,-0.008000366
42093,-0.000244111,0.024999299
42094,-0.007351173,-0.015470803
42095,0.001474564,-0.001447644
42096,-0.010616073,0.008574801
42100,0.030553519,0.016068735
42101,-0.000240761,-0.010577933
42102,-0.002652202,-0.003259015
42103,0.001447527,0.00761425
42104,0.005769247,0.004257674
42107,0.000958313,-0.001968892
42108,-0.002637575,-0.004345257
42109,0.014539644,0.003793271
42110,-0.002369108,-0.004823097
42111,-0.012891083,-0.011318469
42114,0.030291005,0.022588636
42115,-0.006079046,-0.005422197
42116,0.007942111,0.013384147
42117,0.008341105,0.008130441
42118,0.099413007,0.004693219
42121,0.003336812,0.0180281
42122,0.023254469,-0.015881189
42123,-0.002036246,-0.014815086
42124,-0.008597801,-0.027504788
42125,0.0004111,0.029911714
42128,-0.008668785,-0.001940618
42129,-0.013355791,-0.02279077
42130,-0.028122859,-0.00629961
42131,0.009034262,0.001997843
42132,0.022234902,0.018665521
42135,-0.00798995,-0.010238728
42136,-0.000422297,-0.003648192
42137,0.005686021,0.001191091
42138,0.022836782,0.023063463
42139,-0.008658063,-0.001396865
42142,-0.006022238,0.010967055
42143,-0.008996818,-0.000922155
42144,0,-7.68846E-05
42145,-0.003368424,0.010174117
42146,-0.011026405,0.008714487
42150,-0.00663175,-0.022277394
42151,0.021656897,0.018497814
42152,-0.003366298,-0.001971041
42153,-0.012512092,-0.011447885
42156,0.007864851,0.001993713
42157,-0.00658526,-0.004452982
42158,-0.001493015,0.001230391
42159,-0.01051399,-0.005857886
42160,-0.004756766,-0.005503677
42163,-0.008925715,-0.006628997
42164,-0.001750931,-0.002977825
42165,0.020811503,0.011393022
42166,-0.003653954,-0.002252691
42167,-0.010172147,-0.011104274
42170,-0.010716341,-0.001967807
42171,0.00766623,0.005343404
42172,0.003050111,-0.002353865
42173,0.016183329,0.004545819
42174,-0.013359389,-0.010059814
42177,0.002815988,0.007946228
42178,-0.00694598,-0.004555459
42179,-0.005898433,0.008465991
42180,0.000219082,-0.004772905
42181,-0.008579967,-0.005899722
42184,-0.019860075,-0.017669992
42185,-0.004970638,0.007121454
42186,0.006547038,0.009364405
42187,-0.000900495,-0.001264622
42191,-0.000225251,-0.00348598
42192,-0.002029542,-0.002463349
42193,-0.00135532,-0.025136263
42194,0.006309169,-0.020607389
42195,0.002019523,0.026383285
42198,0.020633011,0.019121656
42199,0.001755156,-0.000397978
42200,0.00306413,0.00958689
42201,0.01947692,0.013237964
42202,-0.000857633,0.008600371
42205,0.00641439,0.018724992
42206,0.007643349,-0.010044982
42207,-0.037496312,-0.043214913
42208,0.012438786,-0.000479272
42209,-0.003693649,-0.005287203
42212,-0.012926021,-0.01399303
42213,-0.000220531,0.004956338
42214,0.02073631,-0.003165973
42215,0.01266519,-0.005053809
42216,-0.003846981,-0.008782426
42219,0.002352691,-0.023860313
42220,0.015474607,-0.03260972
42221,0.000841043,0.006607571
42222,-0.020382871,-0.002342429
42223,0.002570696,0.00338175
42226,0.012544015,0.035712008
42227,-0.019629391,-0.053440956
42228,0.007085376,0.015302183
42229,-0.000213972,-0.000781284
42230,0.005761245,0.007009678
42233,0.006785437,0.010295218
42234,-0.001057194,-0.005649249
42235,-0.014060734,-0.012872192
42236,-0.020592469,-0.020733414
42237,-0.058395942,-0.063113291
42240,-0.032805302,-0.025279017
42241,-0.029460439,0.00599441
42242,0.053872126,0.055770436
42243,0.027481235,0.029021398
42244,0.000683138,0.0032713
42247,-0.009376855,-0.004689237
42248,-0.039845909,-0.045726398
42249,0.036162663,0.041994719
42250,0.003223581,-0.017691629
42251,-0.020671971,-0.010016474
42255,0.029597536,0.027441021
42256,-0.018859805,-0.019419832
42257,0.005094962,0.021732177
42258,0.004379401,0.014463609
42261,-0.010171146,0.009585295
42262,0.021605069,0.008376922
42263,0.007249692,0.001117367
42264,-0.001129306,-0.021621995
42265,-0.017554309,-0.004134236
42268,0.014385452,0.015394339
42269,-0.004772194,-0.015835159
42270,-0.000683605,0.008080142
42271,0.000911369,0.005930595
42272,0.000682982,-0.002524924
42275,-0.014903406,-0.019987458
42276,0.003459014,-0.030521557
42277,0.018700659,0.011305737
42278,0.007876715,-0.00654905
42279,0.021291556,0.007274082
42282,0.022994506,0.003617295
42283,0.002570145,0.004772849
42284,0.001068947,-0.004772849
42285,0.013793322,-0.011621703
42286,-0.007191232,0.023645177
42289,-0.002337691,-0.004648676
42290,-0.002343169,0.001701061
42291,-0.004488626,-0.014234475
42292,0.007044538,0.014860453
42293,0.01057987,-0.007357593
42296,0.002312626,0.00619475
42297,0.003144986,0.01809362
42298,-0.012003935,-8.79005E-05
42299,0.017431923,0.015179564
42300,0.096010255,0.030525006
42303,0.025766922,-0.032431584
42304,-0.010376228,-0.006352543
42305,0.005386843,0.040378422
42306,-0.011552206,0.010508854
42307,-0.013585115,-0.008582313
42310,0.011333707,0.013960672
42311,0.01694798,0.011405252
42312,0.00460618,-0.004661251
42313,-0.000367715,-0.008891875
42314,0.009881142,0.001157121
42317,-0.013934952,-0.004055793
42318,-0.012074076,-0.032024309
42319,0.002612917,-0.00566817
42320,-0.006169974,-0.003364538
42321,-0.009043016,-0.029643493
42324,0.017261217,0.016246163
42325,-0.014803981,-0.004300704
42326,0.016476688,0.031174054
42327,0.001669914,0.012623542
42328,0.004624072,0.004368287
42331,0,-0.013077596
42332,0.001106603,0.009550848
42333,-0.010376228,-0.007175752
42335,0.004460145,-0.001865672
42338,0.007757704,0.004150614
42339,0.015880593,-0.008148067
42340,-0.00018111,-0.009074628
42341,-0.018463188,-0.009331327
42342,0.031062347,0.032705814
42345,-0.00179019,-0.006320867
42346,-0.000358423,-0.000422815
42347,-0.014625159,-0.022322928
42348,0.005260783,0.004745684
42349,-0.022135725,-0.026075164
42352,0.019780865,-0.006204044
42353,0.001087548,-0.017850409
42354,0.016707476,0.007663564
42355,-0.007690282,-0.021424204
42356,-0.028591586,-0.027442306
42359,0.012848929,0.012186128
42360,0.00943917,-0.00093214
42361,0.008455569,0.012787424
42362,-0.002690826,-0.005354518
42366,0.005017033,-0.011263791
42367,0.010666768,0.017814537
42368,-0.004253063,-0.013144686
42369,-0.014849544,-0.019381546
42373,-0.012332401,0.00085466
42374,0.004551669,-0.025378657
42375,-0.018332319,-0.019763683
42376,-0.035401927,-0.04312106
42377,0.003062203,0.005273783
42380,-0.000573449,0.016062548
42381,0.00913596,0.014409036
42382,-0.021835765,-0.02604657
42383,0.028068668,0.021635093
42384,-0.040735699,-0.024308342
42388,-0.008468785,-0.004850621
42389,0.004538735,0.001344017
42390,-0.006122267,-0.005075364
42391,0.03522793,0.051801992
42394,-0.009608068,-0.019715863
42395,0.007310537,0.005515734
42396,-0.018377536,-0.067964726
42397,0.016266819,0.007146316
42398,0.056571312,0.033958233
42401,-0.006921703,-0.009392648
42402,-0.031754595,-0.020429185
42403,-0.015975996,0.019599223
42404,-0.003072199,0.002591346
42405,-0.036025822,-0.027071216
42408,-0.015065063,0.010474624
42409,-0.002634514,-0.000210526
42410,0.008687801,-0.007608617
42411,-0.000402414,-0.006064816
42412,0.016169631,0.003090204
42416,0.011615447,0.027804341
42417,0.025699415,0.015198485
42418,-0.004397292,-0.019138356
42419,-0.007114731,-0.002288093
42422,0.015890063,0.008708328
42423,-0.028317408,-0.022864701
42424,0.003510829,0.014780918
42425,0.014305289,0.00684437
42426,-0.015474197,0.001549027
42429,-0.008220833,-0.002272728
42430,0.0328659,0.038946206
42431,0.007012253,0.00218601
42432,-0.011396135,0.007416598
42433,-0.006131462,0.014767272
42436,-0.01940678,-0.01112858
42437,0.0120765,-0.008279988
42438,0.022778284,0.000890428
42439,-0.015063685,0.00049434
42440,0.019407002,0.010716319
42443,0.001882531,0.002539312
42444,0.007868156,0.019894427
42445,0.01408213,0.013203706
42446,0.005687567,-0.001605516
42447,-0.02163746,0.001133573
42450,0.006893367,-9.44153E-05
42451,0.003891416,0.007618905
42452,-0.001851167,-0.005543824
42453,0.004437057,-0.004343727
42457,-0.012436355,-0.004552792
42458,0.02161747,0.023395627
42459,0.006195355,0.017308478
42460,0.003264421,-0.005216209
42461,0.006137203,0.009133318
42464,-0.002522524,0.010221246
42465,-0.01581995,-0.011859099
42466,0.010211613,0.010418176
42467,-0.012046139,-0.022051007
42468,-0.000734754,0.001104972
42471,-0.002023361,0.003307611
42472,0.006240843,0.012941035
42473,0.012727445,0.014383563
42474,0.000180652,0.00053538
42475,0.005224766,-0.020275531
42478,0.014450345,-0.021811015
42479,-0.001240585,-0.005317425
42480,-0.014288509,0.002055691
42481,0.003412053,-0.010887015
42482,-0.074411408,-0.002740375
42485,0.006352895,-0.005693695
42486,-0.012940789,-0.006971331
42487,-0.00976761,-0.064621578
42488,-0.020627467,-0.03104324
42489,-0.000601383,-0.011560822
42492,0.014729566,-0.00106735
42493,-0.016535888,0.016312193
42494,0.001806323,-0.010455817
42495,0.001402665,-0.010137205
42496,0.008970458,-0.005592615
42499,-0.006370716,0.000754676
42500,0.018795686,0.00676658
42501,0.000587832,-0.009788708
42502,0.008970419,-0.023736417
42503,-0.008382932,0.001990491
42506,0.014576101,0.03644655
42507,-0.025797796,-0.004162892
42508,0.005921849,0.011380075
42509,-0.009690573,-0.003814372
42510,0.005944143,0.010769822
42513,-0.01172393,0.012627353
42514,0.03070503,0.015129193
42515,0.010220897,0.017416398
42516,-0.004422659,0.007898856
42517,0.008252614,-0.000597729
42521,0.012913206,-0.00489487
42522,-0.002834201,-0.014118831
42523,-0.007025568,-0.007544128
42524,-0.013235064,0.002044572
42527,0.006543518,0.007224656
42528,-0.00057565,0.00404736
42529,-0.001152295,-0.000909229
42530,-0.008103459,0.007150441
42531,-0.002715812,-0.008262844
42534,-0.02637429,-0.015191198
42535,-0.00620188,0.001232033
42536,-0.002813507,-0.0032888
42537,0.013989037,0.00421183
42538,-0.005173111,-0.023020511
42541,-0.001197605,-0.002415587
42542,0.022122174,0.008481282
42543,-0.003914665,-0.003760581
42544,0.017881915,0.005739645
42545,-0.040894238,-0.028497971
42548,-0.028497756,-0.01466808
42549,0.020640357,0.016700275
42550,0.022005289,0.008617533
42551,0.012388321,0.012631747
42552,-0.000195446,0.003028881
42556,0.000195446,-0.009430078
42557,0.004095569,0.005668711
42558,0,0.004282662
42559,0.017747379,0.00768356
42562,0.005529617,0.003098216
42563,0.011720361,0.004526757
42564,0.005622204,-0.005661655
42565,0.004289051,0.019626512
42566,-0.000744602,-0.00010123
42569,0.00483003,0.010573584
42570,-0.016254445,0.000400601
42571,0.051754668,0.000900766
42572,-0.001969386,-0.005316227
42573,0.01370494,-0.007774283
42576,0.002824362,-0.013469591
42577,0.000528681,-0.006906888
42578,-0.010093047,0.062940317
42579,0.000355872,0.013411364
42580,0.008326738,-0.001246704
42583,-0.001765849,0.017502587
42584,0,-0.014915015
42585,0.006869248,0.012460331
42586,0.007345259,0.000755929
42587,0.009883045,0.015092857
42590,0.001723841,0.008246514
42591,0.002408396,0.004051944
42592,-0.003097576,-0.007472015
42593,0.004814315,-0.000648358
42594,-0.006194101,0.002313638
42597,0.003101846,0.011945378
42598,-0.011768914,-0.000913826
42599,0.002086957,-0.001463861
42600,0.000694686,-0.001282639
42601,0.000347162,0.002563634
42604,0.000867378,-0.007802858
42605,0.00380755,0.003128453
42606,0.001035912,-0.007561821
42607,0.003789188,-0.004267168
42608,-0.00240964,-0.005873869
42611,0.001205546,-0.001122755
42612,-0.003621006,-0.007706081
42613,-0.007455605,0.000942952
42614,0.002259888,0.005920235